"filename", "language", "PostCSS", "JavaScript", "XML", "PHP", "JSON", "Markdown", "comment", "blank", "total"
"c:\Users\USUARIO\Desktop\6to sem\proyecto emaverde\Copia_git1\Proyecto-sistema-emaverde\README.md", "Markdown", 0, 0, 0, 0, 0, 40, 0, 22, 62
"c:\Users\USUARIO\Desktop\6to sem\proyecto emaverde\Copia_git1\Proyecto-sistema-emaverde\app\Http\Controllers\AdministracionController.php", "PHP", 0, 0, 0, 122, 0, 0, 6, 22, 150
"c:\Users\USUARIO\Desktop\6to sem\proyecto emaverde\Copia_git1\Proyecto-sistema-emaverde\app\Http\Controllers\AdministradorController.php", "PHP", 0, 0, 0, 69, 0, 0, 0, 17, 86
"c:\Users\USUARIO\Desktop\6to sem\proyecto emaverde\Copia_git1\Proyecto-sistema-emaverde\app\Http\Controllers\AdministradorPerfilController.php", "PHP", 0, 0, 0, 32, 0, 0, 0, 9, 41
"c:\Users\USUARIO\Desktop\6to sem\proyecto emaverde\Copia_git1\Proyecto-sistema-emaverde\app\Http\Controllers\AnalisisReservaController.php", "PHP", 0, 0, 0, 76, 0, 0, 4, 20, 100
"c:\Users\USUARIO\Desktop\6to sem\proyecto emaverde\Copia_git1\Proyecto-sistema-emaverde\app\Http\Controllers\Auth\AuthenticatedSessionController.php", "PHP", 0, 0, 0, 28, 0, 0, 9, 11, 48
"c:\Users\USUARIO\Desktop\6to sem\proyecto emaverde\Copia_git1\Proyecto-sistema-emaverde\app\Http\Controllers\Auth\ConfirmablePasswordController.php", "PHP", 0, 0, 0, 28, 0, 0, 6, 7, 41
"c:\Users\USUARIO\Desktop\6to sem\proyecto emaverde\Copia_git1\Proyecto-sistema-emaverde\app\Http\Controllers\Auth\EmailVerificationNotificationController.php", "PHP", 0, 0, 0, 16, 0, 0, 3, 6, 25
"c:\Users\USUARIO\Desktop\6to sem\proyecto emaverde\Copia_git1\Proyecto-sistema-emaverde\app\Http\Controllers\Auth\EmailVerificationPromptController.php", "PHP", 0, 0, 0, 15, 0, 0, 3, 4, 22
"c:\Users\USUARIO\Desktop\6to sem\proyecto emaverde\Copia_git1\Proyecto-sistema-emaverde\app\Http\Controllers\Auth\NewPasswordController.php", "PHP", 0, 0, 0, 41, 0, 0, 14, 8, 63
"c:\Users\USUARIO\Desktop\6to sem\proyecto emaverde\Copia_git1\Proyecto-sistema-emaverde\app\Http\Controllers\Auth\PasswordController.php", "PHP", 0, 0, 0, 21, 0, 0, 3, 6, 30
"c:\Users\USUARIO\Desktop\6to sem\proyecto emaverde\Copia_git1\Proyecto-sistema-emaverde\app\Http\Controllers\Auth\PasswordResetLinkController.php", "PHP", 0, 0, 0, 27, 0, 0, 11, 7, 45
"c:\Users\USUARIO\Desktop\6to sem\proyecto emaverde\Copia_git1\Proyecto-sistema-emaverde\app\Http\Controllers\Auth\RegisteredUserController.php", "PHP", 0, 0, 0, 38, 0, 0, 9, 10, 57
"c:\Users\USUARIO\Desktop\6to sem\proyecto emaverde\Copia_git1\Proyecto-sistema-emaverde\app\Http\Controllers\Auth\VerifyEmailController.php", "PHP", 0, 0, 0, 19, 0, 0, 3, 6, 28
"c:\Users\USUARIO\Desktop\6to sem\proyecto emaverde\Copia_git1\Proyecto-sistema-emaverde\app\Http\Controllers\CancelacionesController.php", "PHP", 0, 0, 0, 28, 0, 0, 28, 10, 66
"c:\Users\USUARIO\Desktop\6to sem\proyecto emaverde\Copia_git1\Proyecto-sistema-emaverde\app\Http\Controllers\Controller.php", "PHP", 0, 0, 0, 5, 0, 0, 1, 3, 9
"c:\Users\USUARIO\Desktop\6to sem\proyecto emaverde\Copia_git1\Proyecto-sistema-emaverde\app\Http\Controllers\EspacioController.php", "PHP", 0, 0, 0, 57, 0, 0, 0, 13, 70
"c:\Users\USUARIO\Desktop\6to sem\proyecto emaverde\Copia_git1\Proyecto-sistema-emaverde\app\Http\Controllers\HistorialReservaController.php", "PHP", 0, 0, 0, 34, 0, 0, 2, 10, 46
"c:\Users\USUARIO\Desktop\6to sem\proyecto emaverde\Copia_git1\Proyecto-sistema-emaverde\app\Http\Controllers\HistorialSolicitudController.php", "PHP", 0, 0, 0, 46, 0, 0, 1, 12, 59
"c:\Users\USUARIO\Desktop\6to sem\proyecto emaverde\Copia_git1\Proyecto-sistema-emaverde\app\Http\Controllers\HorarioController.php", "PHP", 0, 0, 0, 50, 0, 0, 0, 11, 61
"c:\Users\USUARIO\Desktop\6to sem\proyecto emaverde\Copia_git1\Proyecto-sistema-emaverde\app\Http\Controllers\NotificacioneController.php", "PHP", 0, 0, 0, 28, 0, 0, 28, 10, 66
"c:\Users\USUARIO\Desktop\6to sem\proyecto emaverde\Copia_git1\Proyecto-sistema-emaverde\app\Http\Controllers\ProfileController.php", "PHP", 0, 0, 0, 38, 0, 0, 9, 14, 61
"c:\Users\USUARIO\Desktop\6to sem\proyecto emaverde\Copia_git1\Proyecto-sistema-emaverde\app\Http\Controllers\ReporteController.php", "PHP", 0, 0, 0, 28, 0, 0, 28, 10, 66
"c:\Users\USUARIO\Desktop\6to sem\proyecto emaverde\Copia_git1\Proyecto-sistema-emaverde\app\Http\Controllers\ReservaController.php", "PHP", 0, 0, 0, 180, 0, 0, 15, 45, 240
"c:\Users\USUARIO\Desktop\6to sem\proyecto emaverde\Copia_git1\Proyecto-sistema-emaverde\app\Http\Controllers\ReservaPendienteController.php", "PHP", 0, 0, 0, 32, 0, 0, 0, 10, 42
"c:\Users\USUARIO\Desktop\6to sem\proyecto emaverde\Copia_git1\Proyecto-sistema-emaverde\app\Http\Controllers\RolController.php", "PHP", 0, 0, 0, 28, 0, 0, 28, 10, 66
"c:\Users\USUARIO\Desktop\6to sem\proyecto emaverde\Copia_git1\Proyecto-sistema-emaverde\app\Http\Controllers\SuperadminPerfilController.php", "PHP", 0, 0, 0, 33, 0, 0, 0, 11, 44
"c:\Users\USUARIO\Desktop\6to sem\proyecto emaverde\Copia_git1\Proyecto-sistema-emaverde\app\Http\Controllers\UbicacioneController.php", "PHP", 0, 0, 0, 43, 0, 0, 0, 11, 54
"c:\Users\USUARIO\Desktop\6to sem\proyecto emaverde\Copia_git1\Proyecto-sistema-emaverde\app\Http\Controllers\UsuarioController.php", "PHP", 0, 0, 0, 28, 0, 0, 28, 10, 66
"c:\Users\USUARIO\Desktop\6to sem\proyecto emaverde\Copia_git1\Proyecto-sistema-emaverde\app\Http\Controllers\UsuarioPerfilController.php", "PHP", 0, 0, 0, 33, 0, 0, 0, 11, 44
"c:\Users\USUARIO\Desktop\6to sem\proyecto emaverde\Copia_git1\Proyecto-sistema-emaverde\app\Http\Middleware\RolMiddleware.php", "PHP", 0, 0, 0, 18, 0, 0, 0, 6, 24
"c:\Users\USUARIO\Desktop\6to sem\proyecto emaverde\Copia_git1\Proyecto-sistema-emaverde\app\Http\Requests\Auth\LoginRequest.php", "PHP", 0, 0, 0, 51, 0, 0, 21, 17, 89
"c:\Users\USUARIO\Desktop\6to sem\proyecto emaverde\Copia_git1\Proyecto-sistema-emaverde\app\Http\Requests\ProfileUpdateRequest.php", "PHP", 0, 0, 0, 22, 0, 0, 5, 4, 31
"c:\Users\USUARIO\Desktop\6to sem\proyecto emaverde\Copia_git1\Proyecto-sistema-emaverde\app\Models\Administrador.php", "PHP", 0, 0, 0, 15, 0, 0, 0, 7, 22
"c:\Users\USUARIO\Desktop\6to sem\proyecto emaverde\Copia_git1\Proyecto-sistema-emaverde\app\Models\AnalisisReserva.php", "PHP", 0, 0, 0, 15, 0, 0, 0, 6, 21
"c:\Users\USUARIO\Desktop\6to sem\proyecto emaverde\Copia_git1\Proyecto-sistema-emaverde\app\Models\Cancelaciones.php", "PHP", 0, 0, 0, 6, 0, 0, 1, 4, 11
"c:\Users\USUARIO\Desktop\6to sem\proyecto emaverde\Copia_git1\Proyecto-sistema-emaverde\app\Models\Espacio.php", "PHP", 0, 0, 0, 27, 0, 0, 3, 7, 37
"c:\Users\USUARIO\Desktop\6to sem\proyecto emaverde\Copia_git1\Proyecto-sistema-emaverde\app\Models\Horario.php", "PHP", 0, 0, 0, 13, 0, 0, 0, 5, 18
"c:\Users\USUARIO\Desktop\6to sem\proyecto emaverde\Copia_git1\Proyecto-sistema-emaverde\app\Models\Notificacione.php", "PHP", 0, 0, 0, 6, 0, 0, 1, 4, 11
"c:\Users\USUARIO\Desktop\6to sem\proyecto emaverde\Copia_git1\Proyecto-sistema-emaverde\app\Models\Reporte.php", "PHP", 0, 0, 0, 6, 0, 0, 1, 4, 11
"c:\Users\USUARIO\Desktop\6to sem\proyecto emaverde\Copia_git1\Proyecto-sistema-emaverde\app\Models\Reserva.php", "PHP", 0, 0, 0, 32, 0, 0, 0, 9, 41
"c:\Users\USUARIO\Desktop\6to sem\proyecto emaverde\Copia_git1\Proyecto-sistema-emaverde\app\Models\Rol.php", "PHP", 0, 0, 0, 12, 0, 0, 0, 6, 18
"c:\Users\USUARIO\Desktop\6to sem\proyecto emaverde\Copia_git1\Proyecto-sistema-emaverde\app\Models\Superadmin.php", "PHP", 0, 0, 0, 16, 0, 0, 0, 6, 22
"c:\Users\USUARIO\Desktop\6to sem\proyecto emaverde\Copia_git1\Proyecto-sistema-emaverde\app\Models\Ubicacione.php", "PHP", 0, 0, 0, 19, 0, 0, 0, 7, 26
"c:\Users\USUARIO\Desktop\6to sem\proyecto emaverde\Copia_git1\Proyecto-sistema-emaverde\app\Models\User.php", "PHP", 0, 0, 0, 25, 0, 0, 17, 7, 49
"c:\Users\USUARIO\Desktop\6to sem\proyecto emaverde\Copia_git1\Proyecto-sistema-emaverde\app\Models\Usuario.php", "PHP", 0, 0, 0, 24, 0, 0, 0, 8, 32
"c:\Users\USUARIO\Desktop\6to sem\proyecto emaverde\Copia_git1\Proyecto-sistema-emaverde\app\Providers\AppServiceProvider.php", "PHP", 0, 0, 0, 12, 0, 0, 8, 5, 25
"c:\Users\USUARIO\Desktop\6to sem\proyecto emaverde\Copia_git1\Proyecto-sistema-emaverde\app\Providers\RouteServiceProvider.php", "PHP", 0, 0, 0, 18, 0, 0, 6, 6, 30
"c:\Users\USUARIO\Desktop\6to sem\proyecto emaverde\Copia_git1\Proyecto-sistema-emaverde\app\View\Components\AppLayout.php", "PHP", 0, 0, 0, 11, 0, 0, 3, 4, 18
"c:\Users\USUARIO\Desktop\6to sem\proyecto emaverde\Copia_git1\Proyecto-sistema-emaverde\app\View\Components\GuestLayout.php", "PHP", 0, 0, 0, 11, 0, 0, 3, 4, 18
"c:\Users\USUARIO\Desktop\6to sem\proyecto emaverde\Copia_git1\Proyecto-sistema-emaverde\bootstrap\app.php", "PHP", 0, 0, 0, 14, 0, 0, 2, 3, 19
"c:\Users\USUARIO\Desktop\6to sem\proyecto emaverde\Copia_git1\Proyecto-sistema-emaverde\bootstrap\providers.php", "PHP", 0, 0, 0, 4, 0, 0, 0, 2, 6
"c:\Users\USUARIO\Desktop\6to sem\proyecto emaverde\Copia_git1\Proyecto-sistema-emaverde\composer.json", "JSON", 0, 0, 0, 0, 81, 0, 0, 1, 82
"c:\Users\USUARIO\Desktop\6to sem\proyecto emaverde\Copia_git1\Proyecto-sistema-emaverde\composer.lock", "JSON", 0, 0, 0, 0, 9444, 0, 0, 1, 9445
"c:\Users\USUARIO\Desktop\6to sem\proyecto emaverde\Copia_git1\Proyecto-sistema-emaverde\config\app.php", "PHP", 0, 0, 0, 22, 0, 0, 82, 23, 127
"c:\Users\USUARIO\Desktop\6to sem\proyecto emaverde\Copia_git1\Proyecto-sistema-emaverde\config\auth.php", "PHP", 0, 0, 0, 28, 0, 0, 74, 14, 116
"c:\Users\USUARIO\Desktop\6to sem\proyecto emaverde\Copia_git1\Proyecto-sistema-emaverde\config\cache.php", "PHP", 0, 0, 0, 57, 0, 0, 34, 18, 109
"c:\Users\USUARIO\Desktop\6to sem\proyecto emaverde\Copia_git1\Proyecto-sistema-emaverde\config\database.php", "PHP", 0, 0, 0, 109, 0, 0, 43, 23, 175
"c:\Users\USUARIO\Desktop\6to sem\proyecto emaverde\Copia_git1\Proyecto-sistema-emaverde\config\filesystems.php", "PHP", 0, 0, 0, 36, 0, 0, 32, 13, 81
"c:\Users\USUARIO\Desktop\6to sem\proyecto emaverde\Copia_git1\Proyecto-sistema-emaverde\config\logging.php", "PHP", 0, 0, 0, 79, 0, 0, 33, 21, 133
"c:\Users\USUARIO\Desktop\6to sem\proyecto emaverde\Copia_git1\Proyecto-sistema-emaverde\config\mail.php", "PHP", 0, 0, 0, 57, 0, 0, 43, 19, 119
"c:\Users\USUARIO\Desktop\6to sem\proyecto emaverde\Copia_git1\Proyecto-sistema-emaverde\config\queue.php", "PHP", 0, 0, 0, 52, 0, 0, 44, 17, 113
"c:\Users\USUARIO\Desktop\6to sem\proyecto emaverde\Copia_git1\Proyecto-sistema-emaverde\config\services.php", "PHP", 0, 0, 0, 20, 0, 0, 11, 8, 39
"c:\Users\USUARIO\Desktop\6to sem\proyecto emaverde\Copia_git1\Proyecto-sistema-emaverde\config\session.php", "PHP", 0, 0, 0, 23, 0, 0, 160, 35, 218
"c:\Users\USUARIO\Desktop\6to sem\proyecto emaverde\Copia_git1\Proyecto-sistema-emaverde\database\factories\UserFactory.php", "PHP", 0, 0, 0, 25, 0, 0, 14, 6, 45
"c:\Users\USUARIO\Desktop\6to sem\proyecto emaverde\Copia_git1\Proyecto-sistema-emaverde\database\migrations\0001_01_01_000000_create_users_table.php", "PHP", 0, 0, 0, 38, 0, 0, 6, 6, 50
"c:\Users\USUARIO\Desktop\6to sem\proyecto emaverde\Copia_git1\Proyecto-sistema-emaverde\database\migrations\0001_01_01_000001_create_cache_table.php", "PHP", 0, 0, 0, 25, 0, 0, 6, 5, 36
"c:\Users\USUARIO\Desktop\6to sem\proyecto emaverde\Copia_git1\Proyecto-sistema-emaverde\database\migrations\0001_01_01_000002_create_jobs_table.php", "PHP", 0, 0, 0, 46, 0, 0, 6, 6, 58
"c:\Users\USUARIO\Desktop\6to sem\proyecto emaverde\Copia_git1\Proyecto-sistema-emaverde\database\migrations\2025_05_16_001231_create_rols_table.php", "PHP", 0, 0, 0, 19, 0, 0, 6, 4, 29
"c:\Users\USUARIO\Desktop\6to sem\proyecto emaverde\Copia_git1\Proyecto-sistema-emaverde\database\migrations\2025_05_16_001302_create_usuarios_table.php", "PHP", 0, 0, 0, 24, 0, 0, 6, 5, 35
"c:\Users\USUARIO\Desktop\6to sem\proyecto emaverde\Copia_git1\Proyecto-sistema-emaverde\database\migrations\2025_05_16_001319_create_espacios_table.php", "PHP", 0, 0, 0, 21, 0, 0, 6, 4, 31
"c:\Users\USUARIO\Desktop\6to sem\proyecto emaverde\Copia_git1\Proyecto-sistema-emaverde\database\migrations\2025_05_16_001329_create_horarios_table.php", "PHP", 0, 0, 0, 23, 0, 0, 7, 7, 37
"c:\Users\USUARIO\Desktop\6to sem\proyecto emaverde\Copia_git1\Proyecto-sistema-emaverde\database\migrations\2025_05_16_001340_create_reservas_table.php", "PHP", 0, 0, 0, 24, 0, 0, 6, 8, 38
"c:\Users\USUARIO\Desktop\6to sem\proyecto emaverde\Copia_git1\Proyecto-sistema-emaverde\database\migrations\2025_05_16_001402_create_cancelaciones_table.php", "PHP", 0, 0, 0, 22, 0, 0, 6, 7, 35
"c:\Users\USUARIO\Desktop\6to sem\proyecto emaverde\Copia_git1\Proyecto-sistema-emaverde\database\migrations\2025_05_16_001435_create_notificaciones_table.php", "PHP", 0, 0, 0, 23, 0, 0, 6, 7, 36
"c:\Users\USUARIO\Desktop\6to sem\proyecto emaverde\Copia_git1\Proyecto-sistema-emaverde\database\migrations\2025_05_16_001446_create_reportes_table.php", "PHP", 0, 0, 0, 22, 0, 0, 6, 6, 34
"c:\Users\USUARIO\Desktop\6to sem\proyecto emaverde\Copia_git1\Proyecto-sistema-emaverde\database\migrations\2025_05_16_001510_create_ubicaciones_table.php", "PHP", 0, 0, 0, 23, 0, 0, 8, 7, 38
"c:\Users\USUARIO\Desktop\6to sem\proyecto emaverde\Copia_git1\Proyecto-sistema-emaverde\database\migrations\2025_06_05_193649_remove_id_horario_and_id_ubicacion_from_reservas_table.php", "PHP", 0, 0, 0, 25, 0, 0, 0, 5, 30
"c:\Users\USUARIO\Desktop\6to sem\proyecto emaverde\Copia_git1\Proyecto-sistema-emaverde\database\migrations\2025_06_05_205312_add_id_horario_to_reservas_table.php", "PHP", 0, 0, 0, 33, 0, 0, 8, 6, 47
"c:\Users\USUARIO\Desktop\6to sem\proyecto emaverde\Copia_git1\Proyecto-sistema-emaverde\database\migrations\2025_06_11_001657_add_visible_usuario_to_reservas_table.php", "PHP", 0, 0, 0, 19, 0, 0, 3, 5, 27
"c:\Users\USUARIO\Desktop\6to sem\proyecto emaverde\Copia_git1\Proyecto-sistema-emaverde\database\migrations\2025_06_20_151730_create_analisis_reservas_table.php", "PHP", 0, 0, 0, 22, 0, 0, 6, 4, 32
"c:\Users\USUARIO\Desktop\6to sem\proyecto emaverde\Copia_git1\Proyecto-sistema-emaverde\database\migrations\2025_10_03_014759_add_detalles_extra_to_espacios_table.php", "PHP", 0, 0, 0, 21, 0, 0, 6, 4, 31
"c:\Users\USUARIO\Desktop\6to sem\proyecto emaverde\Copia_git1\Proyecto-sistema-emaverde\database\seeders\DatabaseSeeder.php", "PHP", 0, 0, 0, 14, 0, 0, 5, 5, 24
"c:\Users\USUARIO\Desktop\6to sem\proyecto emaverde\Copia_git1\Proyecto-sistema-emaverde\package-lock.json", "JSON", 0, 0, 0, 0, 3969, 0, 0, 1, 3970
"c:\Users\USUARIO\Desktop\6to sem\proyecto emaverde\Copia_git1\Proyecto-sistema-emaverde\package.json", "JSON", 0, 0, 0, 0, 20, 0, 0, 1, 21
"c:\Users\USUARIO\Desktop\6to sem\proyecto emaverde\Copia_git1\Proyecto-sistema-emaverde\phpunit.xml", "XML", 0, 0, 33, 0, 0, 0, 0, 1, 34
"c:\Users\USUARIO\Desktop\6to sem\proyecto emaverde\Copia_git1\Proyecto-sistema-emaverde\postcss.config.js", "JavaScript", 0, 6, 0, 0, 0, 0, 0, 1, 7
"c:\Users\USUARIO\Desktop\6to sem\proyecto emaverde\Copia_git1\Proyecto-sistema-emaverde\public\assets\css\app-rtl.css", "PostCSS", 5052, 0, 0, 0, 0, 0, 23, 666, 5741
"c:\Users\USUARIO\Desktop\6to sem\proyecto emaverde\Copia_git1\Proyecto-sistema-emaverde\public\assets\css\app-rtl.min.css", "PostCSS", 7, 0, 0, 0, 0, 0, 1, 1, 9
"c:\Users\USUARIO\Desktop\6to sem\proyecto emaverde\Copia_git1\Proyecto-sistema-emaverde\public\assets\css\app.css", "PostCSS", 3039, 0, 0, 0, 0, 0, 19, 414, 3472
"c:\Users\USUARIO\Desktop\6to sem\proyecto emaverde\Copia_git1\Proyecto-sistema-emaverde\public\assets\css\app.min.css", "PostCSS", 7, 0, 0, 0, 0, 0, 1, 1, 9
"c:\Users\USUARIO\Desktop\6to sem\proyecto emaverde\Copia_git1\Proyecto-sistema-emaverde\public\assets\css\bootstrap.css", "PostCSS", 8077, 0, 0, 0, 0, 0, 15, 937, 9029
"c:\Users\USUARIO\Desktop\6to sem\proyecto emaverde\Copia_git1\Proyecto-sistema-emaverde\public\assets\css\bootstrap.min.css", "PostCSS", 6, 0, 0, 0, 0, 0, 1, 1, 8
"c:\Users\USUARIO\Desktop\6to sem\proyecto emaverde\Copia_git1\Proyecto-sistema-emaverde\public\assets\css\custom.css", "PostCSS", 44, 0, 0, 0, 0, 0, 8, 10, 62
"c:\Users\USUARIO\Desktop\6to sem\proyecto emaverde\Copia_git1\Proyecto-sistema-emaverde\public\assets\css\icons.css", "PostCSS", 12553, 0, 0, 0, 0, 0, 139, 6167, 18859
"c:\Users\USUARIO\Desktop\6to sem\proyecto emaverde\Copia_git1\Proyecto-sistema-emaverde\public\assets\css\icons.min.css", "PostCSS", 15, 0, 0, 0, 0, 0, 1, 1, 17
"c:\Users\USUARIO\Desktop\6to sem\proyecto emaverde\Copia_git1\Proyecto-sistema-emaverde\public\assets\data\ajax_children.json", "JSON", 0, 0, 0, 0, 1, 0, 0, 0, 1
"c:\Users\USUARIO\Desktop\6to sem\proyecto emaverde\Copia_git1\Proyecto-sistema-emaverde\public\assets\data\ajax_roots.json", "JSON", 0, 0, 0, 0, 8, 0, 0, 0, 8
"c:\Users\USUARIO\Desktop\6to sem\proyecto emaverde\Copia_git1\Proyecto-sistema-emaverde\public\assets\fonts\Simple-Line-Icons.svg", "XML", 0, 0, 211, 0, 0, 0, 0, 0, 211
"c:\Users\USUARIO\Desktop\6to sem\proyecto emaverde\Copia_git1\Proyecto-sistema-emaverde\public\assets\fonts\dropify.svg", "XML", 0, 0, 13, 0, 0, 0, 0, 0, 13
"c:\Users\USUARIO\Desktop\6to sem\proyecto emaverde\Copia_git1\Proyecto-sistema-emaverde\public\assets\fonts\fa-brands-400.svg", "XML", 0, 0, 3296, 0, 0, 0, 4, 1, 3301
"c:\Users\USUARIO\Desktop\6to sem\proyecto emaverde\Copia_git1\Proyecto-sistema-emaverde\public\assets\fonts\fa-regular-400.svg", "XML", 0, 0, 799, 0, 0, 0, 4, 1, 804
"c:\Users\USUARIO\Desktop\6to sem\proyecto emaverde\Copia_git1\Proyecto-sistema-emaverde\public\assets\fonts\fa-solid-900.svg", "XML", 0, 0, 4516, 0, 0, 0, 4, 1, 4521
"c:\Users\USUARIO\Desktop\6to sem\proyecto emaverde\Copia_git1\Proyecto-sistema-emaverde\public\assets\fonts\feather.svg", "XML", 0, 0, 295, 0, 0, 0, 3, 552, 850
"c:\Users\USUARIO\Desktop\6to sem\proyecto emaverde\Copia_git1\Proyecto-sistema-emaverde\public\assets\fonts\footable.svg", "XML", 0, 0, 78, 0, 0, 0, 0, 0, 78
"c:\Users\USUARIO\Desktop\6to sem\proyecto emaverde\Copia_git1\Proyecto-sistema-emaverde\public\assets\fonts\line-awesome.svg", "XML", 0, 0, 2624, 0, 0, 0, 3, 2, 2629
"c:\Users\USUARIO\Desktop\6to sem\proyecto emaverde\Copia_git1\Proyecto-sistema-emaverde\public\assets\fonts\materialdesignicons-webfont.svg", "XML", 0, 0, 10797, 0, 0, 0, 0, 1, 10798
"c:\Users\USUARIO\Desktop\6to sem\proyecto emaverde\Copia_git1\Proyecto-sistema-emaverde\public\assets\images\error.svg", "XML", 0, 0, 1, 0, 0, 0, 0, 0, 1
"c:\Users\USUARIO\Desktop\6to sem\proyecto emaverde\Copia_git1\Proyecto-sistema-emaverde\public\assets\images\maintenance.svg", "XML", 0, 0, 1, 0, 0, 0, 0, 0, 1
"c:\Users\USUARIO\Desktop\6to sem\proyecto emaverde\Copia_git1\Proyecto-sistema-emaverde\public\assets\images\maker-launch.svg", "XML", 0, 0, 1, 0, 0, 0, 0, 0, 1
"c:\Users\USUARIO\Desktop\6to sem\proyecto emaverde\Copia_git1\Proyecto-sistema-emaverde\public\assets\images\update.svg", "XML", 0, 0, 1, 0, 0, 0, 0, 0, 1
"c:\Users\USUARIO\Desktop\6to sem\proyecto emaverde\Copia_git1\Proyecto-sistema-emaverde\public\assets\js\app.js", "JavaScript", 0, 246, 0, 0, 0, 0, 53, 45, 344
"c:\Users\USUARIO\Desktop\6to sem\proyecto emaverde\Copia_git1\Proyecto-sistema-emaverde\public\assets\js\app.min.js", "JavaScript", 0, 1, 0, 0, 0, 0, 1, 1, 3
"c:\Users\USUARIO\Desktop\6to sem\proyecto emaverde\Copia_git1\Proyecto-sistema-emaverde\public\assets\js\pages\apexcharts.init.js", "JavaScript", 0, 1, 0, 0, 0, 0, 0, 0, 1
"c:\Users\USUARIO\Desktop\6to sem\proyecto emaverde\Copia_git1\Proyecto-sistema-emaverde\public\assets\js\pages\britechart.init.js", "JavaScript", 0, 1, 0, 0, 0, 0, 0, 0, 1
"c:\Users\USUARIO\Desktop\6to sem\proyecto emaverde\Copia_git1\Proyecto-sistema-emaverde\public\assets\js\pages\calendar.init.js", "JavaScript", 0, 1, 0, 0, 0, 0, 0, 0, 1
"c:\Users\USUARIO\Desktop\6to sem\proyecto emaverde\Copia_git1\Proyecto-sistema-emaverde\public\assets\js\pages\chartist.init.js", "JavaScript", 0, 1, 0, 0, 0, 0, 0, 0, 1
"c:\Users\USUARIO\Desktop\6to sem\proyecto emaverde\Copia_git1\Proyecto-sistema-emaverde\public\assets\js\pages\chartjs.init.js", "JavaScript", 0, 1, 0, 0, 0, 0, 0, 0, 1
"c:\Users\USUARIO\Desktop\6to sem\proyecto emaverde\Copia_git1\Proyecto-sistema-emaverde\public\assets\js\pages\coming-soon.init.js", "JavaScript", 0, 1, 0, 0, 0, 0, 0, 0, 1
"c:\Users\USUARIO\Desktop\6to sem\proyecto emaverde\Copia_git1\Proyecto-sistema-emaverde\public\assets\js\pages\dashboard-1.init.js", "JavaScript", 0, 1, 0, 0, 0, 0, 0, 0, 1
"c:\Users\USUARIO\Desktop\6to sem\proyecto emaverde\Copia_git1\Proyecto-sistema-emaverde\public\assets\js\pages\dashboard-2.init.js", "JavaScript", 0, 1, 0, 0, 0, 0, 0, 0, 1
"c:\Users\USUARIO\Desktop\6to sem\proyecto emaverde\Copia_git1\Proyecto-sistema-emaverde\public\assets\js\pages\datatables.init.js", "JavaScript", 0, 1, 0, 0, 0, 0, 0, 0, 1
"c:\Users\USUARIO\Desktop\6to sem\proyecto emaverde\Copia_git1\Proyecto-sistema-emaverde\public\assets\js\pages\flot.init.js", "JavaScript", 0, 1, 0, 0, 0, 0, 0, 0, 1
"c:\Users\USUARIO\Desktop\6to sem\proyecto emaverde\Copia_git1\Proyecto-sistema-emaverde\public\assets\js\pages\form-advanced.init.js", "JavaScript", 0, 1, 0, 0, 0, 0, 0, 0, 1
"c:\Users\USUARIO\Desktop\6to sem\proyecto emaverde\Copia_git1\Proyecto-sistema-emaverde\public\assets\js\pages\form-fileuploads.init.js", "JavaScript", 0, 1, 0, 0, 0, 0, 0, 0, 1
"c:\Users\USUARIO\Desktop\6to sem\proyecto emaverde\Copia_git1\Proyecto-sistema-emaverde\public\assets\js\pages\form-masks.init.js", "JavaScript", 0, 1, 0, 0, 0, 0, 0, 0, 1
"c:\Users\USUARIO\Desktop\6to sem\proyecto emaverde\Copia_git1\Proyecto-sistema-emaverde\public\assets\js\pages\form-pickers.init.js", "JavaScript", 0, 1, 0, 0, 0, 0, 0, 0, 1
"c:\Users\USUARIO\Desktop\6to sem\proyecto emaverde\Copia_git1\Proyecto-sistema-emaverde\public\assets\js\pages\form-quilljs.init.js", "JavaScript", 0, 1, 0, 0, 0, 0, 0, 0, 1
"c:\Users\USUARIO\Desktop\6to sem\proyecto emaverde\Copia_git1\Proyecto-sistema-emaverde\public\assets\js\pages\form-summernote.init.js", "JavaScript", 0, 1, 0, 0, 0, 0, 0, 0, 1
"c:\Users\USUARIO\Desktop\6to sem\proyecto emaverde\Copia_git1\Proyecto-sistema-emaverde\public\assets\js\pages\form-validation.init.js", "JavaScript", 0, 1, 0, 0, 0, 0, 0, 0, 1
"c:\Users\USUARIO\Desktop\6to sem\proyecto emaverde\Copia_git1\Proyecto-sistema-emaverde\public\assets\js\pages\form-wizard.init.js", "JavaScript", 0, 1, 0, 0, 0, 0, 0, 0, 1
"c:\Users\USUARIO\Desktop\6to sem\proyecto emaverde\Copia_git1\Proyecto-sistema-emaverde\public\assets\js\pages\google-maps.init.js", "JavaScript", 0, 1, 0, 0, 0, 0, 0, 0, 1
"c:\Users\USUARIO\Desktop\6to sem\proyecto emaverde\Copia_git1\Proyecto-sistema-emaverde\public\assets\js\pages\inbox.js", "JavaScript", 0, 1, 0, 0, 0, 0, 0, 0, 1
"c:\Users\USUARIO\Desktop\6to sem\proyecto emaverde\Copia_git1\Proyecto-sistema-emaverde\public\assets\js\pages\lightbox.init.js", "JavaScript", 0, 1, 0, 0, 0, 0, 0, 0, 1
"c:\Users\USUARIO\Desktop\6to sem\proyecto emaverde\Copia_git1\Proyecto-sistema-emaverde\public\assets\js\pages\mapeal-maps.init.js", "JavaScript", 0, 1, 0, 0, 0, 0, 0, 0, 1
"c:\Users\USUARIO\Desktop\6to sem\proyecto emaverde\Copia_git1\Proyecto-sistema-emaverde\public\assets\js\pages\morris.init.js", "JavaScript", 0, 1, 0, 0, 0, 0, 0, 0, 1
"c:\Users\USUARIO\Desktop\6to sem\proyecto emaverde\Copia_git1\Proyecto-sistema-emaverde\public\assets\js\pages\nestable.init.js", "JavaScript", 0, 1, 0, 0, 0, 0, 0, 0, 1
"c:\Users\USUARIO\Desktop\6to sem\proyecto emaverde\Copia_git1\Proyecto-sistema-emaverde\public\assets\js\pages\peity.init.js", "JavaScript", 0, 1, 0, 0, 0, 0, 0, 0, 1
"c:\Users\USUARIO\Desktop\6to sem\proyecto emaverde\Copia_git1\Proyecto-sistema-emaverde\public\assets\js\pages\range-sliders.init.js", "JavaScript", 0, 1, 0, 0, 0, 0, 0, 0, 1
"c:\Users\USUARIO\Desktop\6to sem\proyecto emaverde\Copia_git1\Proyecto-sistema-emaverde\public\assets\js\pages\responsive-table.init.js", "JavaScript", 0, 1, 0, 0, 0, 0, 0, 0, 1
"c:\Users\USUARIO\Desktop\6to sem\proyecto emaverde\Copia_git1\Proyecto-sistema-emaverde\public\assets\js\pages\sparkline.init.js", "JavaScript", 0, 1, 0, 0, 0, 0, 0, 0, 1
"c:\Users\USUARIO\Desktop\6to sem\proyecto emaverde\Copia_git1\Proyecto-sistema-emaverde\public\assets\js\pages\sweet-alerts.init.js", "JavaScript", 0, 1, 0, 0, 0, 0, 0, 0, 1
"c:\Users\USUARIO\Desktop\6to sem\proyecto emaverde\Copia_git1\Proyecto-sistema-emaverde\public\assets\js\pages\tabledit.init.js", "JavaScript", 0, 1, 0, 0, 0, 0, 0, 0, 1
"c:\Users\USUARIO\Desktop\6to sem\proyecto emaverde\Copia_git1\Proyecto-sistema-emaverde\public\assets\js\pages\tablesaw.init.js", "JavaScript", 0, 1, 0, 0, 0, 0, 0, 0, 1
"c:\Users\USUARIO\Desktop\6to sem\proyecto emaverde\Copia_git1\Proyecto-sistema-emaverde\public\assets\js\pages\tickets.js", "JavaScript", 0, 1, 0, 0, 0, 0, 0, 0, 1
"c:\Users\USUARIO\Desktop\6to sem\proyecto emaverde\Copia_git1\Proyecto-sistema-emaverde\public\assets\js\pages\toastr.init.js", "JavaScript", 0, 1, 0, 0, 0, 0, 0, 0, 1
"c:\Users\USUARIO\Desktop\6to sem\proyecto emaverde\Copia_git1\Proyecto-sistema-emaverde\public\assets\js\pages\tour.init.js", "JavaScript", 0, 1, 0, 0, 0, 0, 0, 0, 1
"c:\Users\USUARIO\Desktop\6to sem\proyecto emaverde\Copia_git1\Proyecto-sistema-emaverde\public\assets\js\pages\treeview.init.js", "JavaScript", 0, 1, 0, 0, 0, 0, 0, 0, 1
"c:\Users\USUARIO\Desktop\6to sem\proyecto emaverde\Copia_git1\Proyecto-sistema-emaverde\public\assets\js\pages\vector-maps.init.js", "JavaScript", 0, 1, 0, 0, 0, 0, 0, 0, 1
"c:\Users\USUARIO\Desktop\6to sem\proyecto emaverde\Copia_git1\Proyecto-sistema-emaverde\public\assets\js\pages\widgets.init.js", "JavaScript", 0, 1, 0, 0, 0, 0, 0, 0, 1
"c:\Users\USUARIO\Desktop\6to sem\proyecto emaverde\Copia_git1\Proyecto-sistema-emaverde\public\assets\js\vendor.js", "JavaScript", 0, 12114, 0, 0, 0, 0, 3283, 3400, 18797
"c:\Users\USUARIO\Desktop\6to sem\proyecto emaverde\Copia_git1\Proyecto-sistema-emaverde\public\assets\js\vendor.min.js", "JavaScript", 0, 1, 0, 0, 0, 0, 1, 1, 3
"c:\Users\USUARIO\Desktop\6to sem\proyecto emaverde\Copia_git1\Proyecto-sistema-emaverde\public\assets\libs\apexcharts\apexcharts.min.js", "JavaScript", 0, 1, 0, 0, 0, 0, 5, 0, 6
"c:\Users\USUARIO\Desktop\6to sem\proyecto emaverde\Copia_git1\Proyecto-sistema-emaverde\public\assets\libs\autonumeric\autoNumeric-min.js", "JavaScript", 0, 1, 0, 0, 0, 0, 34, 0, 35
"c:\Users\USUARIO\Desktop\6to sem\proyecto emaverde\Copia_git1\Proyecto-sistema-emaverde\public\assets\libs\bootstrap-colorpicker\bootstrap-colorpicker.min.css", "PostCSS", 1, 0, 0, 0, 0, 0, 8, 1, 10
"c:\Users\USUARIO\Desktop\6to sem\proyecto emaverde\Copia_git1\Proyecto-sistema-emaverde\public\assets\libs\bootstrap-colorpicker\bootstrap-colorpicker.min.js", "JavaScript", 0, 1, 0, 0, 0, 0, 9, 0, 10
"c:\Users\USUARIO\Desktop\6to sem\proyecto emaverde\Copia_git1\Proyecto-sistema-emaverde\public\assets\libs\bootstrap-datepicker\bootstrap-datepicker.min.css", "PostCSS", 1, 0, 0, 0, 0, 0, 5, 1, 7
"c:\Users\USUARIO\Desktop\6to sem\proyecto emaverde\Copia_git1\Proyecto-sistema-emaverde\public\assets\libs\bootstrap-datepicker\bootstrap-datepicker.min.js", "JavaScript", 0, 2, 0, 0, 0, 0, 5, 1, 8
"c:\Users\USUARIO\Desktop\6to sem\proyecto emaverde\Copia_git1\Proyecto-sistema-emaverde\public\assets\libs\bootstrap-maxlength\bootstrap-maxlength.min.js", "JavaScript", 0, 1, 0, 0, 0, 0, 8, 1, 10
"c:\Users\USUARIO\Desktop\6to sem\proyecto emaverde\Copia_git1\Proyecto-sistema-emaverde\public\assets\libs\bootstrap-select\bootstrap-select.min.css", "PostCSS", 1, 0, 0, 0, 0, 0, 5, 0, 6
"c:\Users\USUARIO\Desktop\6to sem\proyecto emaverde\Copia_git1\Proyecto-sistema-emaverde\public\assets\libs\bootstrap-select\bootstrap-select.min.js", "JavaScript", 0, 1, 0, 0, 0, 0, 7, 1, 9
"c:\Users\USUARIO\Desktop\6to sem\proyecto emaverde\Copia_git1\Proyecto-sistema-emaverde\public\assets\libs\bootstrap-touchspin\jquery.bootstrap-touchspin.css", "PostCSS", 23, 0, 0, 0, 0, 0, 9, 7, 39
"c:\Users\USUARIO\Desktop\6to sem\proyecto emaverde\Copia_git1\Proyecto-sistema-emaverde\public\assets\libs\bootstrap-touchspin\jquery.bootstrap-touchspin.min.js", "JavaScript", 0, 1, 0, 0, 0, 0, 8, 1, 10
"c:\Users\USUARIO\Desktop\6to sem\proyecto emaverde\Copia_git1\Proyecto-sistema-emaverde\public\assets\libs\britecharts\britecharts.min.css", "PostCSS", 1, 0, 0, 0, 0, 0, 0, 0, 1
"c:\Users\USUARIO\Desktop\6to sem\proyecto emaverde\Copia_git1\Proyecto-sistema-emaverde\public\assets\libs\britecharts\britecharts.min.js", "JavaScript", 0, 15913, 0, 0, 0, 0, 4626, 4456, 24995
"c:\Users\USUARIO\Desktop\6to sem\proyecto emaverde\Copia_git1\Proyecto-sistema-emaverde\public\assets\libs\chart-js\Chart.bundle.min.js", "JavaScript", 0, 1, 0, 0, 0, 0, 9, 0, 10
"c:\Users\USUARIO\Desktop\6to sem\proyecto emaverde\Copia_git1\Proyecto-sistema-emaverde\public\assets\libs\chartist\chartist-plugin-tooltip.min.js", "JavaScript", 0, 1, 0, 0, 0, 0, 6, 1, 8
"c:\Users\USUARIO\Desktop\6to sem\proyecto emaverde\Copia_git1\Proyecto-sistema-emaverde\public\assets\libs\chartist\chartist.min.css", "PostCSS", 1, 0, 0, 0, 0, 0, 0, 0, 1
"c:\Users\USUARIO\Desktop\6to sem\proyecto emaverde\Copia_git1\Proyecto-sistema-emaverde\public\assets\libs\chartist\chartist.min.js", "JavaScript", 0, 2, 0, 0, 0, 0, 7, 1, 10
"c:\Users\USUARIO\Desktop\6to sem\proyecto emaverde\Copia_git1\Proyecto-sistema-emaverde\public\assets\libs\clockpicker\bootstrap-clockpicker.min.css", "PostCSS", 1, 0, 0, 0, 0, 0, 4, 0, 5
"c:\Users\USUARIO\Desktop\6to sem\proyecto emaverde\Copia_git1\Proyecto-sistema-emaverde\public\assets\libs\clockpicker\bootstrap-clockpicker.min.js", "JavaScript", 0, 1, 0, 0, 0, 0, 5, 0, 6
"c:\Users\USUARIO\Desktop\6to sem\proyecto emaverde\Copia_git1\Proyecto-sistema-emaverde\public\assets\libs\custombox\custombox.min.css", "PostCSS", 1, 0, 0, 0, 0, 0, 8, 0, 9
"c:\Users\USUARIO\Desktop\6to sem\proyecto emaverde\Copia_git1\Proyecto-sistema-emaverde\public\assets\libs\custombox\custombox.min.js", "JavaScript", 0, 1, 0, 0, 0, 0, 8, 0, 9
"c:\Users\USUARIO\Desktop\6to sem\proyecto emaverde\Copia_git1\Proyecto-sistema-emaverde\public\assets\libs\d3\d3.min.js", "JavaScript", 0, 1, 0, 0, 0, 0, 1, 1, 3
"c:\Users\USUARIO\Desktop\6to sem\proyecto emaverde\Copia_git1\Proyecto-sistema-emaverde\public\assets\libs\datatables\buttons.bootstrap4.css", "PostCSS", 226, 0, 0, 0, 0, 0, 0, 6, 232
"c:\Users\USUARIO\Desktop\6to sem\proyecto emaverde\Copia_git1\Proyecto-sistema-emaverde\public\assets\libs\datatables\buttons.bootstrap4.min.js", "JavaScript", 0, 2, 0, 0, 0, 0, 4, 1, 7
"c:\Users\USUARIO\Desktop\6to sem\proyecto emaverde\Copia_git1\Proyecto-sistema-emaverde\public\assets\libs\datatables\buttons.flash.min.js", "JavaScript", 0, 32, 0, 0, 0, 0, 0, 1, 33
"c:\Users\USUARIO\Desktop\6to sem\proyecto emaverde\Copia_git1\Proyecto-sistema-emaverde\public\assets\libs\datatables\buttons.html5.min.js", "JavaScript", 0, 28, 0, 0, 0, 0, 0, 1, 29
"c:\Users\USUARIO\Desktop\6to sem\proyecto emaverde\Copia_git1\Proyecto-sistema-emaverde\public\assets\libs\datatables\buttons.print.min.js", "JavaScript", 0, 5, 0, 0, 0, 0, 0, 1, 6
"c:\Users\USUARIO\Desktop\6to sem\proyecto emaverde\Copia_git1\Proyecto-sistema-emaverde\public\assets\libs\datatables\dataTables.bootstrap4.css", "PostCSS", 197, 0, 0, 0, 0, 0, 0, 10, 207
"c:\Users\USUARIO\Desktop\6to sem\proyecto emaverde\Copia_git1\Proyecto-sistema-emaverde\public\assets\libs\datatables\dataTables.bootstrap4.js", "JavaScript", 0, 131, 0, 0, 0, 0, 26, 28, 185
"c:\Users\USUARIO\Desktop\6to sem\proyecto emaverde\Copia_git1\Proyecto-sistema-emaverde\public\assets\libs\datatables\dataTables.buttons.min.js", "JavaScript", 0, 37, 0, 0, 0, 0, 4, 1, 42
"c:\Users\USUARIO\Desktop\6to sem\proyecto emaverde\Copia_git1\Proyecto-sistema-emaverde\public\assets\libs\datatables\dataTables.keyTable.min.js", "JavaScript", 0, 20, 0, 0, 0, 0, 4, 1, 25
"c:\Users\USUARIO\Desktop\6to sem\proyecto emaverde\Copia_git1\Proyecto-sistema-emaverde\public\assets\libs\datatables\dataTables.responsive.min.js", "JavaScript", 0, 26, 0, 0, 0, 0, 4, 1, 31
"c:\Users\USUARIO\Desktop\6to sem\proyecto emaverde\Copia_git1\Proyecto-sistema-emaverde\public\assets\libs\datatables\dataTables.select.min.js", "JavaScript", 0, 23, 0, 0, 0, 0, 4, 1, 28
"c:\Users\USUARIO\Desktop\6to sem\proyecto emaverde\Copia_git1\Proyecto-sistema-emaverde\public\assets\libs\datatables\jquery.dataTables.min.js", "JavaScript", 0, 162, 0, 0, 0, 0, 4, 1, 167
"c:\Users\USUARIO\Desktop\6to sem\proyecto emaverde\Copia_git1\Proyecto-sistema-emaverde\public\assets\libs\datatables\responsive.bootstrap4.css", "PostCSS", 178, 0, 0, 0, 0, 0, 0, 3, 181
"c:\Users\USUARIO\Desktop\6to sem\proyecto emaverde\Copia_git1\Proyecto-sistema-emaverde\public\assets\libs\datatables\responsive.bootstrap4.min.js", "JavaScript", 0, 2, 0, 0, 0, 0, 4, 1, 7
"c:\Users\USUARIO\Desktop\6to sem\proyecto emaverde\Copia_git1\Proyecto-sistema-emaverde\public\assets\libs\datatables\select.bootstrap4.css", "PostCSS", 113, 0, 0, 0, 0, 0, 0, 3, 116
"c:\Users\USUARIO\Desktop\6to sem\proyecto emaverde\Copia_git1\Proyecto-sistema-emaverde\public\assets\libs\daterangepicker\daterangepicker.css", "PostCSS", 333, 0, 0, 0, 0, 0, 1, 55, 389
"c:\Users\USUARIO\Desktop\6to sem\proyecto emaverde\Copia_git1\Proyecto-sistema-emaverde\public\assets\libs\daterangepicker\daterangepicker.js", "JavaScript", 0, 1121, 0, 0, 0, 0, 114, 291, 1526
"c:\Users\USUARIO\Desktop\6to sem\proyecto emaverde\Copia_git1\Proyecto-sistema-emaverde\public\assets\libs\dropzone\dropzone.min.css", "PostCSS", 1, 0, 0, 0, 0, 0, 0, 1, 2
"c:\Users\USUARIO\Desktop\6to sem\proyecto emaverde\Copia_git1\Proyecto-sistema-emaverde\public\assets\libs\dropzone\dropzone.min.js", "JavaScript", 0, 2, 0, 0, 0, 0, 0, 0, 2
"c:\Users\USUARIO\Desktop\6to sem\proyecto emaverde\Copia_git1\Proyecto-sistema-emaverde\public\assets\libs\flot-charts\jquery.flot.crosshair.js", "JavaScript", 0, 94, 0, 0, 0, 0, 60, 23, 177
"c:\Users\USUARIO\Desktop\6to sem\proyecto emaverde\Copia_git1\Proyecto-sistema-emaverde\public\assets\libs\flot-charts\jquery.flot.js", "JavaScript", 0, 2239, 0, 0, 0, 0, 404, 526, 3169
"c:\Users\USUARIO\Desktop\6to sem\proyecto emaverde\Copia_git1\Proyecto-sistema-emaverde\public\assets\libs\flot-charts\jquery.flot.orderBars.js", "JavaScript", 0, 134, 0, 0, 0, 0, 32, 35, 201
"c:\Users\USUARIO\Desktop\6to sem\proyecto emaverde\Copia_git1\Proyecto-sistema-emaverde\public\assets\libs\flot-charts\jquery.flot.pie.js", "JavaScript", 0, 526, 0, 0, 0, 0, 128, 167, 821
"c:\Users\USUARIO\Desktop\6to sem\proyecto emaverde\Copia_git1\Proyecto-sistema-emaverde\public\assets\libs\flot-charts\jquery.flot.resize.js", "JavaScript", 0, 28, 0, 0, 0, 0, 22, 10, 60
"c:\Users\USUARIO\Desktop\6to sem\proyecto emaverde\Copia_git1\Proyecto-sistema-emaverde\public\assets\libs\flot-charts\jquery.flot.selection.js", "JavaScript", 0, 208, 0, 0, 0, 0, 96, 57, 361
"c:\Users\USUARIO\Desktop\6to sem\proyecto emaverde\Copia_git1\Proyecto-sistema-emaverde\public\assets\libs\flot-charts\jquery.flot.stack.js", "JavaScript", 0, 118, 0, 0, 0, 0, 46, 25, 189
"c:\Users\USUARIO\Desktop\6to sem\proyecto emaverde\Copia_git1\Proyecto-sistema-emaverde\public\assets\libs\flot-charts\jquery.flot.time.js", "JavaScript", 0, 308, 0, 0, 0, 0, 44, 81, 433
"c:\Users\USUARIO\Desktop\6to sem\proyecto emaverde\Copia_git1\Proyecto-sistema-emaverde\public\assets\libs\flot-charts\jquery.flot.tooltip.min.js", "JavaScript", 0, 1, 0, 0, 0, 0, 11, 0, 12
"c:\Users\USUARIO\Desktop\6to sem\proyecto emaverde\Copia_git1\Proyecto-sistema-emaverde\public\assets\libs\fullcalendar\fullcalendar.min.css", "PostCSS", 1, 0, 0, 0, 0, 0, 4, 0, 5
"c:\Users\USUARIO\Desktop\6to sem\proyecto emaverde\Copia_git1\Proyecto-sistema-emaverde\public\assets\libs\fullcalendar\fullcalendar.min.js", "JavaScript", 0, 7, 0, 0, 0, 0, 5, 0, 12
"c:\Users\USUARIO\Desktop\6to sem\proyecto emaverde\Copia_git1\Proyecto-sistema-emaverde\public\assets\libs\gmaps\gmaps.min.js", "JavaScript", 0, 1, 0, 0, 0, 0, 1, 0, 2
"c:\Users\USUARIO\Desktop\6to sem\proyecto emaverde\Copia_git1\Proyecto-sistema-emaverde\public\assets\libs\hopscotch\hopscotch.min.css", "PostCSS", 1, 0, 0, 0, 0, 0, 16, 0, 17
"c:\Users\USUARIO\Desktop\6to sem\proyecto emaverde\Copia_git1\Proyecto-sistema-emaverde\public\assets\libs\hopscotch\hopscotch.min.js", "JavaScript", 0, 1, 0, 0, 0, 0, 16, 0, 17
"c:\Users\USUARIO\Desktop\6to sem\proyecto emaverde\Copia_git1\Proyecto-sistema-emaverde\public\assets\libs\ion-rangeslider\ion.rangeSlider.min.css", "PostCSS", 1, 0, 0, 0, 0, 0, 0, 0, 1
"c:\Users\USUARIO\Desktop\6to sem\proyecto emaverde\Copia_git1\Proyecto-sistema-emaverde\public\assets\libs\ion-rangeslider\ion.rangeSlider.min.js", "JavaScript", 0, 1, 0, 0, 0, 0, 1, 0, 2
"c:\Users\USUARIO\Desktop\6to sem\proyecto emaverde\Copia_git1\Proyecto-sistema-emaverde\public\assets\libs\jquery-countdown\jquery.countdown.min.js", "JavaScript", 0, 1, 0, 0, 0, 0, 21, 0, 22
"c:\Users\USUARIO\Desktop\6to sem\proyecto emaverde\Copia_git1\Proyecto-sistema-emaverde\public\assets\libs\jquery-knob\jquery.knob.min.js", "JavaScript", 0, 1, 0, 0, 0, 0, 0, 0, 1
"c:\Users\USUARIO\Desktop\6to sem\proyecto emaverde\Copia_git1\Proyecto-sistema-emaverde\public\assets\libs\jquery-mapael\jquery.mapael.min.js", "JavaScript", 0, 2, 0, 0, 0, 0, 0, 0, 2
"c:\Users\USUARIO\Desktop\6to sem\proyecto emaverde\Copia_git1\Proyecto-sistema-emaverde\public\assets\libs\jquery-mapael\usa_states.min.js", "JavaScript", 0, 2, 0, 0, 0, 0, 0, 0, 2
"c:\Users\USUARIO\Desktop\6to sem\proyecto emaverde\Copia_git1\Proyecto-sistema-emaverde\public\assets\libs\jquery-mapael\world_countries.min.js", "JavaScript", 0, 6, 0, 0, 0, 0, 0, 0, 6
"c:\Users\USUARIO\Desktop\6to sem\proyecto emaverde\Copia_git1\Proyecto-sistema-emaverde\public\assets\libs\jquery-mask-plugin\jquery.mask.min.js", "JavaScript", 0, 17, 0, 0, 0, 0, 2, 1, 20
"c:\Users\USUARIO\Desktop\6to sem\proyecto emaverde\Copia_git1\Proyecto-sistema-emaverde\public\assets\libs\jquery-nice-select\jquery.nice-select.min.js", "JavaScript", 0, 1, 0, 0, 0, 0, 3, 0, 4
"c:\Users\USUARIO\Desktop\6to sem\proyecto emaverde\Copia_git1\Proyecto-sistema-emaverde\public\assets\libs\jquery-nice-select\nice-select.css", "PostCSS", 136, 0, 0, 0, 0, 0, 0, 3, 139
"c:\Users\USUARIO\Desktop\6to sem\proyecto emaverde\Copia_git1\Proyecto-sistema-emaverde\public\assets\libs\jquery-scrollto\jquery.scrollTo.min.js", "JavaScript", 0, 1, 0, 0, 0, 0, 6, 0, 7
"c:\Users\USUARIO\Desktop\6to sem\proyecto emaverde\Copia_git1\Proyecto-sistema-emaverde\public\assets\libs\jquery-sparkline\jquery.sparkline.min.js", "JavaScript", 0, 2, 0, 0, 0, 0, 0, 1, 3
"c:\Users\USUARIO\Desktop\6to sem\proyecto emaverde\Copia_git1\Proyecto-sistema-emaverde\public\assets\libs\jquery-tabledit\jquery.tabledit.min.js", "JavaScript", 0, 1, 0, 0, 0, 0, 5, 0, 6
"c:\Users\USUARIO\Desktop\6to sem\proyecto emaverde\Copia_git1\Proyecto-sistema-emaverde\public\assets\libs\jquery-toast\jquery.toast.min.css", "PostCSS", 1, 0, 0, 0, 0, 0, 0, 0, 1
"c:\Users\USUARIO\Desktop\6to sem\proyecto emaverde\Copia_git1\Proyecto-sistema-emaverde\public\assets\libs\jquery-toast\jquery.toast.min.js", "JavaScript", 0, 1, 0, 0, 0, 0, 0, 0, 1
"c:\Users\USUARIO\Desktop\6to sem\proyecto emaverde\Copia_git1\Proyecto-sistema-emaverde\public\assets\libs\jquery-ui\jquery-ui.min.js", "JavaScript", 0, 8, 0, 0, 0, 0, 4, 1, 13
"c:\Users\USUARIO\Desktop\6to sem\proyecto emaverde\Copia_git1\Proyecto-sistema-emaverde\public\assets\libs\jquery-vectormap\jquery-jvectormap-1.2.2.css", "PostCSS", 33, 0, 0, 0, 0, 0, 0, 3, 36
"c:\Users\USUARIO\Desktop\6to sem\proyecto emaverde\Copia_git1\Proyecto-sistema-emaverde\public\assets\libs\jquery-vectormap\jquery-jvectormap-1.2.2.min.js", "JavaScript", 0, 2, 0, 0, 0, 0, 6, 0, 8
"c:\Users\USUARIO\Desktop\6to sem\proyecto emaverde\Copia_git1\Proyecto-sistema-emaverde\public\assets\libs\jquery-vectormap\jquery-jvectormap-au-mill-en.js", "JavaScript", 0, 1, 0, 0, 0, 0, 0, 0, 1
"c:\Users\USUARIO\Desktop\6to sem\proyecto emaverde\Copia_git1\Proyecto-sistema-emaverde\public\assets\libs\jquery-vectormap\jquery-jvectormap-ca-lcc-en.js", "JavaScript", 0, 1, 0, 0, 0, 0, 0, 0, 1
"c:\Users\USUARIO\Desktop\6to sem\proyecto emaverde\Copia_git1\Proyecto-sistema-emaverde\public\assets\libs\jquery-vectormap\jquery-jvectormap-in-mill-en.js", "JavaScript", 0, 1, 0, 0, 0, 0, 0, 0, 1
"c:\Users\USUARIO\Desktop\6to sem\proyecto emaverde\Copia_git1\Proyecto-sistema-emaverde\public\assets\libs\jquery-vectormap\jquery-jvectormap-uk-mill-en.js", "JavaScript", 0, 1, 0, 0, 0, 0, 0, 0, 1
"c:\Users\USUARIO\Desktop\6to sem\proyecto emaverde\Copia_git1\Proyecto-sistema-emaverde\public\assets\libs\jquery-vectormap\jquery-jvectormap-us-il-chicago-mill-en.js", "JavaScript", 0, 1, 0, 0, 0, 0, 0, 0, 1
"c:\Users\USUARIO\Desktop\6to sem\proyecto emaverde\Copia_git1\Proyecto-sistema-emaverde\public\assets\libs\jquery-vectormap\jquery-jvectormap-us-merc-en.js", "JavaScript", 0, 1, 0, 0, 0, 0, 0, 0, 1
"c:\Users\USUARIO\Desktop\6to sem\proyecto emaverde\Copia_git1\Proyecto-sistema-emaverde\public\assets\libs\jquery-vectormap\jquery-jvectormap-world-mill-en.js", "JavaScript", 0, 1, 0, 0, 0, 0, 0, 0, 1
"c:\Users\USUARIO\Desktop\6to sem\proyecto emaverde\Copia_git1\Proyecto-sistema-emaverde\public\assets\libs\katex\katex.min.js", "JavaScript", 0, 1, 0, 0, 0, 0, 0, 0, 1
"c:\Users\USUARIO\Desktop\6to sem\proyecto emaverde\Copia_git1\Proyecto-sistema-emaverde\public\assets\libs\magnific-popup\jquery.magnific-popup.min.js", "JavaScript", 0, 1, 0, 0, 0, 0, 3, 0, 4
"c:\Users\USUARIO\Desktop\6to sem\proyecto emaverde\Copia_git1\Proyecto-sistema-emaverde\public\assets\libs\magnific-popup\magnific-popup.css", "PostCSS", 310, 0, 0, 0, 0, 0, 6, 36, 352
"c:\Users\USUARIO\Desktop\6to sem\proyecto emaverde\Copia_git1\Proyecto-sistema-emaverde\public\assets\libs\moment\moment.min.js", "JavaScript", 0, 1, 0, 0, 0, 0, 0, 0, 1
"c:\Users\USUARIO\Desktop\6to sem\proyecto emaverde\Copia_git1\Proyecto-sistema-emaverde\public\assets\libs\morris-js\morris.min.js", "JavaScript", 0, 2, 0, 0, 0, 0, 5, 0, 7
"c:\Users\USUARIO\Desktop\6to sem\proyecto emaverde\Copia_git1\Proyecto-sistema-emaverde\public\assets\libs\nestable2\jquery.nestable.min.css", "PostCSS", 1, 0, 0, 0, 0, 0, 0, 0, 1
"c:\Users\USUARIO\Desktop\6to sem\proyecto emaverde\Copia_git1\Proyecto-sistema-emaverde\public\assets\libs\nestable2\jquery.nestable.min.js", "JavaScript", 0, 1, 0, 0, 0, 0, 0, 0, 1
"c:\Users\USUARIO\Desktop\6to sem\proyecto emaverde\Copia_git1\Proyecto-sistema-emaverde\public\assets\libs\parsleyjs\parsley.min.js", "JavaScript", 0, 9, 0, 0, 0, 0, 9, 1, 19
"c:\Users\USUARIO\Desktop\6to sem\proyecto emaverde\Copia_git1\Proyecto-sistema-emaverde\public\assets\libs\pdfmake\pdfmake.min.js", "JavaScript", 0, 21, 0, 0, 0, 0, 6, 3, 30
"c:\Users\USUARIO\Desktop\6to sem\proyecto emaverde\Copia_git1\Proyecto-sistema-emaverde\public\assets\libs\pdfmake\vfs_fonts.js", "JavaScript", 0, 6, 0, 0, 0, 0, 0, 0, 6
"c:\Users\USUARIO\Desktop\6to sem\proyecto emaverde\Copia_git1\Proyecto-sistema-emaverde\public\assets\libs\peity\jquery.peity.min.js", "JavaScript", 0, 1, 0, 0, 0, 0, 6, 1, 8
"c:\Users\USUARIO\Desktop\6to sem\proyecto emaverde\Copia_git1\Proyecto-sistema-emaverde\public\assets\libs\quill\quill.bubble.css", "PostCSS", 946, 0, 0, 0, 0, 0, 6, 1, 953
"c:\Users\USUARIO\Desktop\6to sem\proyecto emaverde\Copia_git1\Proyecto-sistema-emaverde\public\assets\libs\quill\quill.core.css", "PostCSS", 391, 0, 0, 0, 0, 0, 6, 1, 398
"c:\Users\USUARIO\Desktop\6to sem\proyecto emaverde\Copia_git1\Proyecto-sistema-emaverde\public\assets\libs\quill\quill.min.js", "JavaScript", 0, 1, 0, 0, 0, 0, 7, 0, 8
"c:\Users\USUARIO\Desktop\6to sem\proyecto emaverde\Copia_git1\Proyecto-sistema-emaverde\public\assets\libs\quill\quill.snow.css", "PostCSS", 939, 0, 0, 0, 0, 0, 6, 1, 946
"c:\Users\USUARIO\Desktop\6to sem\proyecto emaverde\Copia_git1\Proyecto-sistema-emaverde\public\assets\libs\raphael\raphael.min.js", "JavaScript", 0, 3, 0, 0, 0, 0, 0, 0, 3
"c:\Users\USUARIO\Desktop\6to sem\proyecto emaverde\Copia_git1\Proyecto-sistema-emaverde\public\assets\libs\rwd-table\rwd-table.min.css", "PostCSS", 1, 0, 0, 0, 0, 0, 6, 0, 7
"c:\Users\USUARIO\Desktop\6to sem\proyecto emaverde\Copia_git1\Proyecto-sistema-emaverde\public\assets\libs\rwd-table\rwd-table.min.js", "JavaScript", 0, 1, 0, 0, 0, 0, 6, 0, 7
"c:\Users\USUARIO\Desktop\6to sem\proyecto emaverde\Copia_git1\Proyecto-sistema-emaverde\public\assets\libs\select2\select2.min.css", "PostCSS", 1, 0, 0, 0, 0, 0, 0, 1, 2
"c:\Users\USUARIO\Desktop\6to sem\proyecto emaverde\Copia_git1\Proyecto-sistema-emaverde\public\assets\libs\select2\select2.min.js", "JavaScript", 0, 1, 0, 0, 0, 0, 0, 0, 1
"c:\Users\USUARIO\Desktop\6to sem\proyecto emaverde\Copia_git1\Proyecto-sistema-emaverde\public\assets\libs\summernote\summernote-bs4.css", "PostCSS", 1, 0, 0, 0, 0, 0, 0, 0, 1
"c:\Users\USUARIO\Desktop\6to sem\proyecto emaverde\Copia_git1\Proyecto-sistema-emaverde\public\assets\libs\summernote\summernote-bs4.min.js", "JavaScript", 0, 1, 0, 0, 0, 0, 1, 1, 3
"c:\Users\USUARIO\Desktop\6to sem\proyecto emaverde\Copia_git1\Proyecto-sistema-emaverde\public\assets\libs\sweetalert2\sweetalert2.min.css", "PostCSS", 1, 0, 0, 0, 0, 0, 0, 0, 1
"c:\Users\USUARIO\Desktop\6to sem\proyecto emaverde\Copia_git1\Proyecto-sistema-emaverde\public\assets\libs\sweetalert2\sweetalert2.min.js", "JavaScript", 0, 1, 0, 0, 0, 0, 0, 0, 1
"c:\Users\USUARIO\Desktop\6to sem\proyecto emaverde\Copia_git1\Proyecto-sistema-emaverde\public\assets\libs\switchery\switchery.min.css", "PostCSS", 1, 0, 0, 0, 0, 0, 0, 0, 1
"c:\Users\USUARIO\Desktop\6to sem\proyecto emaverde\Copia_git1\Proyecto-sistema-emaverde\public\assets\libs\switchery\switchery.min.js", "JavaScript", 0, 1, 0, 0, 0, 0, 0, 0, 1
"c:\Users\USUARIO\Desktop\6to sem\proyecto emaverde\Copia_git1\Proyecto-sistema-emaverde\public\assets\libs\tablesaw\tablesaw.css", "PostCSS", 574, 0, 0, 0, 0, 0, 38, 140, 752
"c:\Users\USUARIO\Desktop\6to sem\proyecto emaverde\Copia_git1\Proyecto-sistema-emaverde\public\assets\libs\tablesaw\tablesaw.js", "JavaScript", 0, 2587, 0, 0, 0, 0, 520, 683, 3790
"c:\Users\USUARIO\Desktop\6to sem\proyecto emaverde\Copia_git1\Proyecto-sistema-emaverde\public\assets\libs\treeview\jstree.min.js", "JavaScript", 0, 5, 0, 0, 0, 0, 1, 0, 6
"c:\Users\USUARIO\Desktop\6to sem\proyecto emaverde\Copia_git1\Proyecto-sistema-emaverde\public\assets\libs\treeview\style.css", "PostCSS", 1083, 0, 0, 0, 0, 0, 19, 1, 1103
"c:\Users\USUARIO\Desktop\6to sem\proyecto emaverde\Copia_git1\Proyecto-sistema-emaverde\public\assets\libs\twitter-bootstrap-wizard\jquery.bootstrap.wizard.min.js", "JavaScript", 0, 11, 0, 0, 0, 0, 11, 1, 23
"c:\Users\USUARIO\Desktop\6to sem\proyecto emaverde\Copia_git1\Proyecto-sistema-emaverde\public\index.php", "PHP", 0, 0, 0, 10, 0, 0, 4, 7, 21
"c:\Users\USUARIO\Desktop\6to sem\proyecto emaverde\Copia_git1\Proyecto-sistema-emaverde\resources\css\app.css", "PostCSS", 3, 0, 0, 0, 0, 0, 0, 1, 4
"c:\Users\USUARIO\Desktop\6to sem\proyecto emaverde\Copia_git1\Proyecto-sistema-emaverde\resources\js\app.js", "JavaScript", 0, 4, 0, 0, 0, 0, 0, 4, 8
"c:\Users\USUARIO\Desktop\6to sem\proyecto emaverde\Copia_git1\Proyecto-sistema-emaverde\resources\js\bootstrap.js", "JavaScript", 0, 3, 0, 0, 0, 0, 0, 2, 5
"c:\Users\USUARIO\Desktop\6to sem\proyecto emaverde\Copia_git1\Proyecto-sistema-emaverde\resources\views\administracion\create.blade.php", "PHP", 0, 0, 0, 19, 0, 0, 0, 5, 24
"c:\Users\USUARIO\Desktop\6to sem\proyecto emaverde\Copia_git1\Proyecto-sistema-emaverde\resources\views\administracion\edit.blade.php", "PHP", 0, 0, 0, 11, 0, 0, 0, 2, 13
"c:\Users\USUARIO\Desktop\6to sem\proyecto emaverde\Copia_git1\Proyecto-sistema-emaverde\resources\views\administracion\espacios\create.blade.php", "PHP", 0, 0, 0, 24, 0, 0, 0, 7, 31
"c:\Users\USUARIO\Desktop\6to sem\proyecto emaverde\Copia_git1\Proyecto-sistema-emaverde\resources\views\administracion\espacios\edit.blade.php", "PHP", 0, 0, 0, 24, 0, 0, 0, 6, 30
"c:\Users\USUARIO\Desktop\6to sem\proyecto emaverde\Copia_git1\Proyecto-sistema-emaverde\resources\views\administracion\espacios\form.blade.php", "PHP", 0, 0, 0, 57, 0, 0, 0, 9, 66
"c:\Users\USUARIO\Desktop\6to sem\proyecto emaverde\Copia_git1\Proyecto-sistema-emaverde\resources\views\administracion\form.blade.php", "PHP", 0, 0, 0, 15, 0, 0, 0, 1, 16
"c:\Users\USUARIO\Desktop\6to sem\proyecto emaverde\Copia_git1\Proyecto-sistema-emaverde\resources\views\administracion\horarios\create.blade.php", "PHP", 0, 0, 0, 24, 0, 0, 0, 6, 30
"c:\Users\USUARIO\Desktop\6to sem\proyecto emaverde\Copia_git1\Proyecto-sistema-emaverde\resources\views\administracion\horarios\edit.blade.php", "PHP", 0, 0, 0, 24, 0, 0, 0, 1, 25
"c:\Users\USUARIO\Desktop\6to sem\proyecto emaverde\Copia_git1\Proyecto-sistema-emaverde\resources\views\administracion\horarios\form.blade.php", "PHP", 0, 0, 0, 12, 0, 0, 0, 1, 13
"c:\Users\USUARIO\Desktop\6to sem\proyecto emaverde\Copia_git1\Proyecto-sistema-emaverde\resources\views\administracion\index.blade.php", "PHP", 0, 0, 0, 0, 0, 0, 0, 1, 1
"c:\Users\USUARIO\Desktop\6to sem\proyecto emaverde\Copia_git1\Proyecto-sistema-emaverde\resources\views\administracion\panel.blade.php", "PHP", 0, 0, 0, 304, 0, 0, 3, 25, 332
"c:\Users\USUARIO\Desktop\6to sem\proyecto emaverde\Copia_git1\Proyecto-sistema-emaverde\resources\views\administracion\ubicaciones\create.blade.php", "PHP", 0, 0, 0, 20, 0, 0, 0, 5, 25
"c:\Users\USUARIO\Desktop\6to sem\proyecto emaverde\Copia_git1\Proyecto-sistema-emaverde\resources\views\administracion\ubicaciones\edit.blade.php", "PHP", 0, 0, 0, 20, 0, 0, 0, 1, 21
"c:\Users\USUARIO\Desktop\6to sem\proyecto emaverde\Copia_git1\Proyecto-sistema-emaverde\resources\views\administracion\ubicaciones\form.blade.php", "PHP", 0, 0, 0, 10, 0, 0, 0, 4, 14
"c:\Users\USUARIO\Desktop\6to sem\proyecto emaverde\Copia_git1\Proyecto-sistema-emaverde\resources\views\administradores\create.blade.php", "PHP", 0, 0, 0, 21, 0, 0, 0, 4, 25
"c:\Users\USUARIO\Desktop\6to sem\proyecto emaverde\Copia_git1\Proyecto-sistema-emaverde\resources\views\administradores\edit.blade.php", "PHP", 0, 0, 0, 21, 0, 0, 0, 4, 25
"c:\Users\USUARIO\Desktop\6to sem\proyecto emaverde\Copia_git1\Proyecto-sistema-emaverde\resources\views\administradores\form.blade.php", "PHP", 0, 0, 0, 21, 0, 0, 0, 4, 25
"c:\Users\USUARIO\Desktop\6to sem\proyecto emaverde\Copia_git1\Proyecto-sistema-emaverde\resources\views\administradores\index.blade.php", "PHP", 0, 0, 0, 37, 0, 0, 0, 1, 38
"c:\Users\USUARIO\Desktop\6to sem\proyecto emaverde\Copia_git1\Proyecto-sistema-emaverde\resources\views\administradores\reporte.blade.php", "PHP", 0, 0, 0, 34, 0, 0, 0, 1, 35
"c:\Users\USUARIO\Desktop\6to sem\proyecto emaverde\Copia_git1\Proyecto-sistema-emaverde\resources\views\analisis_reserva\index.blade.php", "PHP", 0, 0, 0, 179, 0, 0, 0, 22, 201
"c:\Users\USUARIO\Desktop\6to sem\proyecto emaverde\Copia_git1\Proyecto-sistema-emaverde\resources\views\analisis_reserva\pdf\dias.blade.php", "PHP", 0, 0, 0, 26, 0, 0, 0, 1, 27
"c:\Users\USUARIO\Desktop\6to sem\proyecto emaverde\Copia_git1\Proyecto-sistema-emaverde\resources\views\analisis_reserva\pdf\espacios.blade.php", "PHP", 0, 0, 0, 32, 0, 0, 0, 1, 33
"c:\Users\USUARIO\Desktop\6to sem\proyecto emaverde\Copia_git1\Proyecto-sistema-emaverde\resources\views\analisis_reserva\pdf\momentos.blade.php", "PHP", 0, 0, 0, 26, 0, 0, 0, 1, 27
"c:\Users\USUARIO\Desktop\6to sem\proyecto emaverde\Copia_git1\Proyecto-sistema-emaverde\resources\views\analisis_reserva\pdf\ubicaciones.blade.php", "PHP", 0, 0, 0, 26, 0, 0, 0, 1, 27
"c:\Users\USUARIO\Desktop\6to sem\proyecto emaverde\Copia_git1\Proyecto-sistema-emaverde\resources\views\analisis_reserva\reporte.blade.php", "PHP", 0, 0, 0, 82, 0, 0, 0, 6, 88
"c:\Users\USUARIO\Desktop\6to sem\proyecto emaverde\Copia_git1\Proyecto-sistema-emaverde\resources\views\auth\confirm-password.blade.php", "PHP", 0, 0, 0, 22, 0, 0, 0, 6, 28
"c:\Users\USUARIO\Desktop\6to sem\proyecto emaverde\Copia_git1\Proyecto-sistema-emaverde\resources\views\auth\forgot-password.blade.php", "PHP", 0, 0, 0, 21, 0, 0, 0, 5, 26
"c:\Users\USUARIO\Desktop\6to sem\proyecto emaverde\Copia_git1\Proyecto-sistema-emaverde\resources\views\auth\login.blade.php", "PHP", 0, 0, 0, 74, 0, 0, 0, 10, 84
"c:\Users\USUARIO\Desktop\6to sem\proyecto emaverde\Copia_git1\Proyecto-sistema-emaverde\resources\views\auth\register.blade.php", "PHP", 0, 0, 0, 71, 0, 0, 0, 10, 81
"c:\Users\USUARIO\Desktop\6to sem\proyecto emaverde\Copia_git1\Proyecto-sistema-emaverde\resources\views\auth\reset-password.blade.php", "PHP", 0, 0, 0, 32, 0, 0, 0, 8, 40
"c:\Users\USUARIO\Desktop\6to sem\proyecto emaverde\Copia_git1\Proyecto-sistema-emaverde\resources\views\auth\verify-email.blade.php", "PHP", 0, 0, 0, 26, 0, 0, 0, 6, 32
"c:\Users\USUARIO\Desktop\6to sem\proyecto emaverde\Copia_git1\Proyecto-sistema-emaverde\resources\views\components\application-logo.blade.php", "PHP", 0, 0, 0, 3, 0, 0, 0, 1, 4
"c:\Users\USUARIO\Desktop\6to sem\proyecto emaverde\Copia_git1\Proyecto-sistema-emaverde\resources\views\components\auth-session-status.blade.php", "PHP", 0, 0, 0, 6, 0, 0, 0, 2, 8
"c:\Users\USUARIO\Desktop\6to sem\proyecto emaverde\Copia_git1\Proyecto-sistema-emaverde\resources\views\components\danger-button.blade.php", "PHP", 0, 0, 0, 3, 0, 0, 0, 1, 4
"c:\Users\USUARIO\Desktop\6to sem\proyecto emaverde\Copia_git1\Proyecto-sistema-emaverde\resources\views\components\dropdown-link.blade.php", "PHP", 0, 0, 0, 1, 0, 0, 0, 1, 2
"c:\Users\USUARIO\Desktop\6to sem\proyecto emaverde\Copia_git1\Proyecto-sistema-emaverde\resources\views\components\dropdown.blade.php", "PHP", 0, 0, 0, 31, 0, 0, 0, 5, 36
"c:\Users\USUARIO\Desktop\6to sem\proyecto emaverde\Copia_git1\Proyecto-sistema-emaverde\resources\views\components\input-error.blade.php", "PHP", 0, 0, 0, 8, 0, 0, 0, 2, 10
"c:\Users\USUARIO\Desktop\6to sem\proyecto emaverde\Copia_git1\Proyecto-sistema-emaverde\resources\views\components\input-label.blade.php", "PHP", 0, 0, 0, 4, 0, 0, 0, 2, 6
"c:\Users\USUARIO\Desktop\6to sem\proyecto emaverde\Copia_git1\Proyecto-sistema-emaverde\resources\views\components\modal.blade.php", "PHP", 0, 0, 0, 73, 0, 0, 2, 4, 79
"c:\Users\USUARIO\Desktop\6to sem\proyecto emaverde\Copia_git1\Proyecto-sistema-emaverde\resources\views\components\nav-link.blade.php", "PHP", 0, 0, 0, 9, 0, 0, 0, 3, 12
"c:\Users\USUARIO\Desktop\6to sem\proyecto emaverde\Copia_git1\Proyecto-sistema-emaverde\resources\views\components\primary-button.blade.php", "PHP", 0, 0, 0, 3, 0, 0, 0, 1, 4
"c:\Users\USUARIO\Desktop\6to sem\proyecto emaverde\Copia_git1\Proyecto-sistema-emaverde\resources\views\components\responsive-nav-link.blade.php", "PHP", 0, 0, 0, 9, 0, 0, 0, 3, 12
"c:\Users\USUARIO\Desktop\6to sem\proyecto emaverde\Copia_git1\Proyecto-sistema-emaverde\resources\views\components\secondary-button.blade.php", "PHP", 0, 0, 0, 3, 0, 0, 0, 1, 4
"c:\Users\USUARIO\Desktop\6to sem\proyecto emaverde\Copia_git1\Proyecto-sistema-emaverde\resources\views\components\text-input.blade.php", "PHP", 0, 0, 0, 2, 0, 0, 0, 2, 4
"c:\Users\USUARIO\Desktop\6to sem\proyecto emaverde\Copia_git1\Proyecto-sistema-emaverde\resources\views\dashboard.blade.php", "PHP", 0, 0, 0, 26, 0, 0, 0, 3, 29
"c:\Users\USUARIO\Desktop\6to sem\proyecto emaverde\Copia_git1\Proyecto-sistema-emaverde\resources\views\historial_reservas\index.blade.php", "PHP", 0, 0, 0, 40, 0, 0, 0, 2, 42
"c:\Users\USUARIO\Desktop\6to sem\proyecto emaverde\Copia_git1\Proyecto-sistema-emaverde\resources\views\historial_solicitudes\index.blade.php", "PHP", 0, 0, 0, 59, 0, 0, 0, 4, 63
"c:\Users\USUARIO\Desktop\6to sem\proyecto emaverde\Copia_git1\Proyecto-sistema-emaverde\resources\views\historial_solicitudes\reporte_pdf.blade.php", "PHP", 0, 0, 0, 48, 0, 0, 0, 1, 49
"c:\Users\USUARIO\Desktop\6to sem\proyecto emaverde\Copia_git1\Proyecto-sistema-emaverde\resources\views\historial_solicitudes\show.blade.php", "PHP", 0, 0, 0, 21, 0, 0, 0, 2, 23
"c:\Users\USUARIO\Desktop\6to sem\proyecto emaverde\Copia_git1\Proyecto-sistema-emaverde\resources\views\layouts\app.blade.php", "PHP", 0, 0, 0, 259, 0, 0, 7, 26, 292
"c:\Users\USUARIO\Desktop\6to sem\proyecto emaverde\Copia_git1\Proyecto-sistema-emaverde\resources\views\layouts\guest.blade.php", "PHP", 0, 0, 0, 26, 0, 0, 0, 5, 31
"c:\Users\USUARIO\Desktop\6to sem\proyecto emaverde\Copia_git1\Proyecto-sistema-emaverde\resources\views\layouts\navigation.blade.php", "PHP", 0, 0, 0, 88, 0, 0, 0, 13, 101
"c:\Users\USUARIO\Desktop\6to sem\proyecto emaverde\Copia_git1\Proyecto-sistema-emaverde\resources\views\perfil_admin\edit.blade.php", "PHP", 0, 0, 0, 20, 0, 0, 0, 6, 26
"c:\Users\USUARIO\Desktop\6to sem\proyecto emaverde\Copia_git1\Proyecto-sistema-emaverde\resources\views\perfil_admin\index.blade.php", "PHP", 0, 0, 0, 28, 0, 0, 0, 3, 31
"c:\Users\USUARIO\Desktop\6to sem\proyecto emaverde\Copia_git1\Proyecto-sistema-emaverde\resources\views\profile\edit.blade.php", "PHP", 0, 0, 0, 26, 0, 0, 0, 4, 30
"c:\Users\USUARIO\Desktop\6to sem\proyecto emaverde\Copia_git1\Proyecto-sistema-emaverde\resources\views\profile\partials\delete-user-form.blade.php", "PHP", 0, 0, 0, 45, 0, 0, 0, 11, 56
"c:\Users\USUARIO\Desktop\6to sem\proyecto emaverde\Copia_git1\Proyecto-sistema-emaverde\resources\views\profile\partials\update-password-form.blade.php", "PHP", 0, 0, 0, 41, 0, 0, 0, 8, 49
"c:\Users\USUARIO\Desktop\6to sem\proyecto emaverde\Copia_git1\Proyecto-sistema-emaverde\resources\views\profile\partials\update-profile-information-form.blade.php", "PHP", 0, 0, 0, 54, 0, 0, 0, 11, 65
"c:\Users\USUARIO\Desktop\6to sem\proyecto emaverde\Copia_git1\Proyecto-sistema-emaverde\resources\views\reservas\create.blade.php", "PHP", 0, 0, 0, 114, 0, 0, 2, 24, 140
"c:\Users\USUARIO\Desktop\6to sem\proyecto emaverde\Copia_git1\Proyecto-sistema-emaverde\resources\views\reservas\edit.blade.php", "PHP", 0, 0, 0, 84, 0, 0, 0, 14, 98
"c:\Users\USUARIO\Desktop\6to sem\proyecto emaverde\Copia_git1\Proyecto-sistema-emaverde\resources\views\reservas\espacio3d.blade.php", "PHP", 0, 0, 0, 24, 0, 0, 0, 5, 29
"c:\Users\USUARIO\Desktop\6to sem\proyecto emaverde\Copia_git1\Proyecto-sistema-emaverde\resources\views\reservas\form.blade.php", "PHP", 0, 0, 0, 56, 0, 0, 0, 7, 63
"c:\Users\USUARIO\Desktop\6to sem\proyecto emaverde\Copia_git1\Proyecto-sistema-emaverde\resources\views\reservas\index.blade.php", "PHP", 0, 0, 0, 70, 0, 0, 0, 8, 78
"c:\Users\USUARIO\Desktop\6to sem\proyecto emaverde\Copia_git1\Proyecto-sistema-emaverde\resources\views\reservas_pendientes\edit.blade.php", "PHP", 0, 0, 0, 28, 0, 0, 0, 7, 35
"c:\Users\USUARIO\Desktop\6to sem\proyecto emaverde\Copia_git1\Proyecto-sistema-emaverde\resources\views\reservas_pendientes\index.blade.php", "PHP", 0, 0, 0, 37, 0, 0, 0, 4, 41
"c:\Users\USUARIO\Desktop\6to sem\proyecto emaverde\Copia_git1\Proyecto-sistema-emaverde\resources\views\superadmin\edit.blade.php", "PHP", 0, 0, 0, 7, 0, 0, 0, 2, 9
"c:\Users\USUARIO\Desktop\6to sem\proyecto emaverde\Copia_git1\Proyecto-sistema-emaverde\resources\views\superadmin\form.blade.php", "PHP", 0, 0, 0, 17, 0, 0, 0, 5, 22
"c:\Users\USUARIO\Desktop\6to sem\proyecto emaverde\Copia_git1\Proyecto-sistema-emaverde\resources\views\superadmin\index.blade.php", "PHP", 0, 0, 0, 28, 0, 0, 0, 3, 31
"c:\Users\USUARIO\Desktop\6to sem\proyecto emaverde\Copia_git1\Proyecto-sistema-emaverde\resources\views\usuario_perfil\edit.blade.php", "PHP", 0, 0, 0, 13, 0, 0, 0, 5, 18
"c:\Users\USUARIO\Desktop\6to sem\proyecto emaverde\Copia_git1\Proyecto-sistema-emaverde\resources\views\usuario_perfil\form.blade.php", "PHP", 0, 0, 0, 12, 0, 0, 0, 3, 15
"c:\Users\USUARIO\Desktop\6to sem\proyecto emaverde\Copia_git1\Proyecto-sistema-emaverde\resources\views\usuario_perfil\index.blade.php", "PHP", 0, 0, 0, 28, 0, 0, 0, 3, 31
"c:\Users\USUARIO\Desktop\6to sem\proyecto emaverde\Copia_git1\Proyecto-sistema-emaverde\resources\views\welcome.blade.php", "PHP", 0, 0, 0, 169, 0, 0, 1, 24, 194
"c:\Users\USUARIO\Desktop\6to sem\proyecto emaverde\Copia_git1\Proyecto-sistema-emaverde\routes\auth.php", "PHP", 0, 0, 0, 43, 0, 0, 0, 17, 60
"c:\Users\USUARIO\Desktop\6to sem\proyecto emaverde\Copia_git1\Proyecto-sistema-emaverde\routes\console.php", "PHP", 0, 0, 0, 6, 0, 0, 0, 3, 9
"c:\Users\USUARIO\Desktop\6to sem\proyecto emaverde\Copia_git1\Proyecto-sistema-emaverde\routes\web.php", "PHP", 0, 0, 0, 90, 0, 0, 14, 28, 132
"c:\Users\USUARIO\Desktop\6to sem\proyecto emaverde\Copia_git1\Proyecto-sistema-emaverde\tailwind.config.js", "JavaScript", 0, 17, 0, 0, 0, 0, 1, 4, 22
"c:\Users\USUARIO\Desktop\6to sem\proyecto emaverde\Copia_git1\Proyecto-sistema-emaverde\tests\Feature\Auth\AuthenticationTest.php", "PHP", 0, 0, 0, 29, 0, 0, 0, 13, 42
"c:\Users\USUARIO\Desktop\6to sem\proyecto emaverde\Copia_git1\Proyecto-sistema-emaverde\tests\Feature\Auth\EmailVerificationTest.php", "PHP", 0, 0, 0, 33, 0, 0, 0, 14, 47
"c:\Users\USUARIO\Desktop\6to sem\proyecto emaverde\Copia_git1\Proyecto-sistema-emaverde\tests\Feature\Auth\PasswordConfirmationTest.php", "PHP", 0, 0, 0, 22, 0, 0, 0, 11, 33
"c:\Users\USUARIO\Desktop\6to sem\proyecto emaverde\Copia_git1\Proyecto-sistema-emaverde\tests\Feature\Auth\PasswordResetTest.php", "PHP", 0, 0, 0, 41, 0, 0, 0, 20, 61
"c:\Users\USUARIO\Desktop\6to sem\proyecto emaverde\Copia_git1\Proyecto-sistema-emaverde\tests\Feature\Auth\PasswordUpdateTest.php", "PHP", 0, 0, 0, 32, 0, 0, 0, 9, 41
"c:\Users\USUARIO\Desktop\6to sem\proyecto emaverde\Copia_git1\Proyecto-sistema-emaverde\tests\Feature\Auth\RegistrationTest.php", "PHP", 0, 0, 0, 15, 0, 0, 0, 5, 20
"c:\Users\USUARIO\Desktop\6to sem\proyecto emaverde\Copia_git1\Proyecto-sistema-emaverde\tests\Feature\ExampleTest.php", "PHP", 0, 0, 0, 5, 0, 0, 0, 3, 8
"c:\Users\USUARIO\Desktop\6to sem\proyecto emaverde\Copia_git1\Proyecto-sistema-emaverde\tests\Feature\ProfileTest.php", "PHP", 0, 0, 0, 64, 0, 0, 0, 22, 86
"c:\Users\USUARIO\Desktop\6to sem\proyecto emaverde\Copia_git1\Proyecto-sistema-emaverde\tests\Pest.php", "PHP", 0, 0, 0, 10, 0, 0, 31, 7, 48
"c:\Users\USUARIO\Desktop\6to sem\proyecto emaverde\Copia_git1\Proyecto-sistema-emaverde\tests\TestCase.php", "PHP", 0, 0, 0, 6, 0, 0, 1, 4, 11
"c:\Users\USUARIO\Desktop\6to sem\proyecto emaverde\Copia_git1\Proyecto-sistema-emaverde\tests\Unit\ExampleTest.php", "PHP", 0, 0, 0, 4, 0, 0, 0, 2, 6
"c:\Users\USUARIO\Desktop\6to sem\proyecto emaverde\Copia_git1\Proyecto-sistema-emaverde\vite.config.js", "JavaScript", 0, 10, 0, 0, 0, 0, 0, 2, 12
"Total", "-", 34303, 36331, 22666, 5900, 13523, 40, 11154, 20261, 144178